{"cameraMode":{"drawMode":0,"name":"Shaded","section":"Shading Mode"},"sceneLighting":false,"audioPlay":false,"sceneViewState":{"m_AlwaysRefresh":false,"showFog":true,"showSkybox":false,"showFlares":true,"showImageEffects":true,"showParticleSystems":true,"showVisualEffectGraphs":true,"m_FxEnabled":true},"in2DMode":false,"pivot":{"x":5.771985054016113,"y":4.8669843673706059,"z":2.0456600189208986},"rotation":{"x":0.03724552318453789,"y":-0.08782713860273361,"z":0.003283918835222721,"w":0.9954513907432556},"size":6.307333946228027,"orthographic":false}