{"cameraMode":{"drawMode":0,"name":"Shaded","section":"Shading Mode"},"sceneLighting":false,"audioPlay":false,"sceneViewState":{"m_AlwaysRefresh":false,"showFog":true,"showSkybox":false,"showFlares":true,"showImageEffects":true,"showParticleSystems":true,"showVisualEffectGraphs":true,"m_FxEnabled":true},"in2DMode":false,"pivot":{"x":-0.15099811553955079,"y":2.2050020694732668,"z":-0.27155542373657229},"rotation":{"x":-0.002144280355423689,"y":-0.9978017210960388,"z":-0.05212307721376419,"w":0.041038841009140018},"size":6.964129447937012,"orthographic":false}